Id,TotSqFt,TotBaths,BedroomAbvGr,SalePrice
1461,2768.0,1.0,2,138400.7526090614
1462,3399.0,2.0,3,179053.9381210064
1463,3285.0,3.0,3,192584.81616207008
1464,3396.0,3.0,3,198296.34469704295
1465,3292.0,2.0,2,184760.0559232124
1466,3099.0,3.0,3,183014.14672508853
1467,3279.0,3.0,3,192276.0848899094
1468,2722.0,3.0,3,163615.53179099152
1469,3339.0,3.0,2,206575.2231005881
1470,2529.0,2.0,2,145499.7291467773
1471,3524.0,3.0,2,216094.43732554288
1472,2009.0,2.0,2,118743.01889285039
1473,1937.0,2.0,3,103826.4181378503
1474,2924.0,3.0,3,174009.4846204016
1475,2010.0,1.0,2,99397.70189276025
1476,4952.0,3.0,3,278360.6546107166
1477,3991.0,2.0,3,209515.42364086164
1478,4392.0,2.0,3,230148.96366360143
1479,4441.0,2.0,3,232670.26905291382
1480,6870.0,4.0,3,396448.52349020244
1481,5045.0,4.0,3,302542.7615413243
1482,3393.0,2.0,2,189957.03233791742
1483,3137.0,2.0,3,165572.67256998934
1484,2943.0,2.0,2,166802.18692586527
1485,2258.0,4.0,3,159137.08562268136
1486,3205.0,3.0,3,188468.3991999275
1487,5517.0,3.0,4,296221.02391677693
1488,4214.0,2.0,2,232201.7614119059
1489,3248.0,2.0,2,182496.02659403396
1490,3782.0,3.0,2,229369.88202845276
1491,3186.0,3.0,3,187490.75017141862
1492,2458.0,1.0,2,122449.63688075884
1493,3645.0,3.0,3,211108.69249171182
1494,4504.0,4.0,4,263493.6663457632
1495,4556.0,4.0,4,266169.33737115585
1496,3700.0,3.0,2,225150.5546422566
1497,3219.0,3.0,2,200400.5976573742
1498,2452.0,3.0,2,160934.45003283198
1499,2452.0,4.0,2,180331.2222449489
1500,2482.0,4.0,2,181874.8786057524
1501,2740.0,4.0,2,195150.3233086623
1502,2156.0,3.0,2,145703.70727290434
1503,4488.0,3.0,1,276909.087208433
1504,3879.0,4.0,3,242545.98431809584
1505,3994.0,3.0,3,229066.56148905895
1506,4269.0,3.0,4,232004.91930735236
1507,4691.0,4.0,4,273115.7909947715
1508,3862.0,4.0,3,241671.2457136406
1509,2879.0,3.0,4,160482.17459012463
1510,3178.0,3.0,3,187079.10847520435
1511,3042.0,2.0,3,160684.427427445
1512,3781.0,3.0,3,218106.60132735423
1513,2960.0,2.0,3,156465.10004124884
1514,3456.0,4.0,6,187144.95316355157
1515,4001.0,2.0,3,210029.97576112946
1516,2958.0,2.0,3,156362.18961719528
1517,2761.0,2.0,2,157437.33833699086
1518,3826.0,2.0,4,189813.4881673708
1519,3905.0,3.0,3,224487.04761867528
1520,2594.0,2.0,3,137632.49243944642
1521,2745.0,1.0,3,126005.45724337365
1522,3452.0,3.0,3,201177.83657054277
1523,2432.0,1.0,3,109899.97587899072
1524,2246.0,2.0,2,130937.90414319784
1525,2454.0,1.0,3,111031.99054357994
1526,2240.0,2.0,2,130629.17287103715
1527,2237.0,2.0,2,130474.8072349568
1528,2734.0,2.0,3,144836.22212319597
1529,2834.0,2.0,3,149981.74332587424
1530,4240.0,2.0,2,233539.59692460226
1531,2877.0,2.0,3,152194.31744302588
1532,2058.0,2.0,2,121264.32428216275
1533,3245.0,3.0,3,190526.6076809988
1534,2318.0,1.0,3,104034.08170793753
1535,3126.0,1.0,3,145609.89302557783
1536,2902.0,1.0,3,134083.9255315785
1537,2290.0,1.0,2,113805.16126025935
1538,3312.0,2.0,3,174577.3346746763
1539,3346.0,3.0,3,195723.58409570385
1540,3132.0,2.0,4,154103.57102078368
1541,2832.0,2.0,2,161090.65839089244
1542,2963.0,2.0,3,156619.4656773292
1543,3551.0,2.0,3,186875.1303490773
1544,1906.0,2.0,2,113443.1320540918
1545,2108.0,2.0,2,123837.08488350188
1546,2344.0,3.0,3,144165.46164486773
1547,2711.0,2.0,3,143652.75224658
1548,2777.0,2.0,3,147048.79624034764
1549,2530.0,1.0,2,126154.41214668717
1550,2954.0,2.0,4,144944.5432800164
1551,2608.0,2.0,2,149564.69089689312
1552,3946.0,2.0,4,195988.11361058467
1553,2852.0,2.0,3,150907.93714235633
1554,2278.0,2.0,3,121372.64543898313
1555,3594.0,2.0,3,189087.70446622898
1556,2341.0,2.0,3,124614.32379667045
1557,2772.0,2.0,3,146791.52018021373
1558,1795.0,1.0,3,77123.00581793024
1559,2830.0,2.0,4,138564.09698869535
1560,3186.0,3.0,2,198702.57566049037
1561,3722.0,4.0,4,223255.69054081923
1562,2172.0,2.0,3,115918.39296414418
1563,2234.0,2.0,2,130320.44159887647
1564,3283.0,2.0,3,173085.1335258996
1565,2870.0,2.0,4,140622.30546976667
1566,4089.0,3.0,1,256378.4576097468
1567,1936.0,1.0,2,95590.01620277835
1568,4060.0,4.0,4,240647.55220587176
1569,3122.0,3.0,4,172985.79111263278
1570,2308.0,2.0,3,122916.30179978663
1571,2496.0,1.0,3,113193.10944870481
1572,2950.0,2.0,3,155950.54792098101
1573,3588.0,2.0,1,211202.6241722118
1574,3196.0,2.0,3,168608.53007956952
1575,3938.0,3.0,1,248608.72059370263
1576,4307.0,4.0,3,264568.81506555877
1577,3113.0,2.0,2,175549.57297041832
1578,2664.0,2.0,3,141234.3572813212
1579,2486.0,2.0,2,143287.15502962566
1580,3122.0,3.0,3,184197.61660170453
1581,2761.0,3.0,3,165622.28506003605
1582,2236.0,2.0,3,119211.52653385827
1583,5019.0,4.0,3,301204.92602862796
1584,4128.0,3.0,4,224749.73441157604
1585,2256.0,2.0,1,142664.28175253747
1586,880.0,1.0,2,41253.312302495964
1587,1808.0,1.0,3,77791.92357427841
1588,3153.0,2.0,3,166395.95596241788
1589,2504.0,1.0,2,124816.57663399084
1590,2456.0,2.0,3,130531.67317975045
1591,1920.0,1.0,3,83554.90732127806
1592,2699.0,2.0,2,154247.11519133035
1593,2277.0,2.0,2,132533.0157160281
1594,2650.0,3.0,6,126275.28005784791
1595,2716.0,2.0,3,143910.0283067139
1596,4059.0,3.0,4,221199.32478172806
1597,3693.0,3.0,5,191154.89169085387
1598,2548.0,4.0,3,174059.0971104483
1599,2791.0,2.0,1,170192.82018686613
1600,3106.0,2.0,2,175189.38648623085
1601,1220.0,1.0,1,69959.90988067379
1602,2617.0,1.0,2,130631.01559301725
1603,2303.0,1.0,3,103262.25352753577
1604,4101.0,4.0,2,265180.86687711335
1605,3776.0,4.0,3,237246.09747933724
1606,3402.0,3.0,3,198605.07596920367
1607,4782.0,3.0,5,247189.61758802005
1608,3490.0,3.0,3,203133.13462756053
1609,2973.0,2.0,2,168345.84328666877
1610,2328.0,3.0,3,143342.1782524392
1611,2860.0,2.0,2,162531.40432764235
1612,3484.0,2.0,3,183427.6311432829
1613,3702.0,2.0,3,194644.8673651215
1614,2481.0,3.0,2,162426.65118160867
1615,1864.0,2.0,3,100070.18765989516
1616,1638.0,2.0,3,88441.30974184231
1617,1988.0,2.0,3,106450.63395121621
1618,2090.0,1.0,3,92302.2933658311
1619,2592.0,2.0,2,148741.40750446462
1620,4464.0,6.0,4,300229.00228892575
1621,2496.0,2.0,3,132589.88166082173
1622,3185.0,2.0,5,145618.8717691314
1623,4379.0,5.0,3,287670.36254360405
1624,4039.0,4.0,3,250778.8182423811
1625,2266.0,1.0,2,112570.23617161658
1626,3497.0,3.0,4,192281.49562267624
1627,3305.0,3.0,3,193613.92040260576
1628,4089.0,3.0,4,222742.98114253153
1629,2522.0,3.0,3,153324.489385635
1630,5533.0,3.0,1,330679.78377642075
1631,3602.0,3.0,2,220107.94386363192
1632,3951.0,3.0,2,238065.81286097903
1633,2418.0,3.0,3,147973.14733484964
1634,3112.0,4.0,3,203079.83669355366
1635,2678.0,4.0,3,180748.27467393002
1636,2822.0,2.0,3,149364.28078155284
1637,3999.0,4.0,3,248720.60976130975
1638,3795.0,3.0,4,207615.14880665744
1639,3889.0,2.0,3,204266.99201412982
1640,4419.0,3.0,4,239723.20111136974
1641,3326.0,2.0,3,175297.70764305125
1642,3426.0,4.0,3,219236.77326996336
1643,3654.0,3.0,3,211571.78939995286
1644,3621.0,3.0,3,209873.76740306904
1645,4210.0,3.0,3,240180.88728684396
1646,2760.0,3.0,3,165570.82984800925
1647,2915.0,2.0,3,154149.6155000436
1648,2882.0,2.0,2,163663.41899223154
1649,2429.0,3.0,3,148539.15466714423
1650,2514.0,2.0,3,133516.07547730382
1651,2504.0,1.0,3,113604.75114491908
1652,1734.0,3.0,2,123989.60779760212
1653,1758.0,3.0,2,125224.53288624492
1654,2900.0,3.0,3,172774.5595317588
1655,2579.0,3.0,2,167469.26196023336
1656,2779.0,3.0,3,166548.47887651811
1657,2900.0,4.0,3,192171.33174387575
1658,2898.0,3.0,3,172671.64910770525
1659,2187.0,2.0,2,127902.0466336177
1660,2802.0,2.0,3,148335.1765410172
1661,5501.0,5.0,4,334191.2849485823
1662,5116.0,4.0,3,306196.0815952259
1663,5226.0,3.0,3,292459.382706055
1664,6476.0,5.0,2,406783.76765283884
1665,4715.0,2.0,3,246768.9971482522
1666,4677.0,3.0,3,264210.4713033514
1667,5133.0,4.0,5,284647.16922153765
1668,4622.0,3.0,3,261380.43464187835
1669,3971.0,3.0,2,239094.91710151467
1670,4658.0,3.0,3,263232.82227484253
1671,4458.0,3.0,3,252941.779869486
1672,5906.0,4.0,3,346845.6990963841
1673,4366.0,4.0,4,256392.84708606722
1674,4365.0,2.0,3,228759.6729388783
1675,3428.0,2.0,2,191757.96475885483
1676,3469.0,3.0,1,224476.22615314162
1677,3410.0,3.0,2,210228.54315448966
1678,6394.0,4.0,2,383167.66805452574
1679,5348.0,4.0,3,318133.69078543945
1680,4738.0,3.0,2,278561.06472605694
1681,3680.0,2.0,2,204724.67818960402
1682,4526.0,3.0,3,256440.73428730725
1683,3472.0,2.0,2,194021.99408803324
1684,2674.0,3.0,3,161145.68161370596
1685,2683.0,3.0,3,161608.778521947
1686,2953.0,2.0,2,167316.73904613312
1687,2258.0,3.0,3,139740.3134105644
1688,3102.0,3.0,3,183168.5123611689
1689,3222.0,3.0,3,189343.1378043828
1690,2746.0,4.0,3,184247.22909175124
1691,2589.0,4.0,3,176168.76080354638
1692,3566.0,4.0,4,215228.67746464116
1693,2158.0,3.0,3,134594.79220788617
1694,2774.0,4.0,3,185687.97502850115
1695,2214.0,3.0,3,137476.284081386
1696,4445.0,4.0,4,260457.80883618302
1697,2224.0,3.0,3,137990.83620165382
1698,5234.0,4.0,4,301055.9711253144
1699,5140.0,3.0,3,288034.2344717517
1700,4385.0,4.0,3,268582.32160364784
1701,4366.0,4.0,3,267604.672575139
1702,4540.0,2.0,3,237764.33504356525
1703,4186.0,3.0,3,238945.96219820116
1704,4317.0,3.0,3,245686.59497370967
1705,3693.0,2.0,3,194181.77045688045
1706,6039.0,3.0,2,345504.295572901
1707,3522.0,2.0,3,185382.92920030063
1708,3760.0,2.0,3,197629.26966267487
1709,4392.0,2.0,3,230148.96366360143
1710,3652.0,2.0,2,203283.9322528541
1711,3690.0,4.0,3,232820.94924503396
1712,4364.0,2.0,3,228708.21772685152
1713,4313.0,3.0,3,245480.77412560256
1714,3974.0,3.0,3,228037.45724852325
1715,3138.0,4.0,3,204417.67220625
1716,3190.0,2.0,3,168299.79880740884
1717,2948.0,3.0,3,175244.40970904438
1718,2366.0,2.0,3,125900.70409734
1719,3362.0,3.0,3,196546.86748813235
1720,4115.0,2.0,3,215895.8699321827
1721,3154.0,2.0,3,166447.41117444466
1722,2267.0,2.0,3,120806.63810668854
1723,2846.0,3.0,3,169995.97808231256
1724,3781.0,2.0,2,209921.65460430906
1725,3668.0,4.0,4,220477.10909137301
1726,3333.0,3.0,3,195054.66633935567
1727,3266.0,2.0,2,183422.22041051605
1728,2961.0,4.0,3,195310.09967750948
1729,2589.0,3.0,3,156771.98859142943
1730,2494.0,2.0,4,121275.14574769643
1731,2388.0,2.0,3,127032.71876192922
1732,2772.0,2.0,3,146791.52018021373
1733,2326.0,1.0,2,115657.54889322353
1734,2503.0,2.0,3,132950.06814500922
1735,2124.0,2.0,3,113448.54278685863
1736,2076.0,2.0,3,110978.69260957307
1737,5609.0,3.0,2,323378.5544013845
1738,3816.0,4.0,3,239304.3059604086
1739,5262.0,3.0,3,294311.7703390192
1740,4267.0,3.0,2,254325.6598614423
1741,3211.0,3.0,1,211200.7814502317
1742,2740.0,4.0,2,195150.3233086623
1743,2683.0,4.0,3,181005.55073406393
1744,4876.0,3.0,2,285661.8839857529
1745,4486.0,2.0,2,246197.57908319074
1746,3482.0,3.0,4,191509.6674422745
1747,3940.0,3.0,3,226287.98003961265
1748,4375.0,3.0,5,226247.3462931196
1749,3449.0,3.0,3,201023.47093446244
1750,2768.0,2.0,3,146585.6993321066
1751,4265.0,3.0,4,231799.09845924526
1752,2040.0,2.0,2,120338.13046568066
1753,3776.0,2.0,3,198452.5530551034
1754,3997.0,4.0,4,237405.87384818445
1755,3067.0,3.0,3,181367.5799402315
1756,2544.0,2.0,2,146271.55732717906
1757,2036.0,1.0,3,89523.71191638484
1758,3254.0,2.0,3,171592.9323771229
1759,3451.0,3.0,3,201126.381358516
1760,3557.0,3.0,3,206580.63383335495
1761,3228.0,3.0,3,189651.8690765435
1762,3737.0,3.0,4,204630.74650910406
1763,3237.0,2.0,4,159506.36828359586
1764,2320.0,2.0,2,134745.58983317975
1765,4248.0,2.0,2,233951.2386208165
1766,3773.0,3.0,3,217694.95963113997
1767,4123.0,3.0,2,246916.1093295856
1768,2856.0,2.0,3,151113.75799046346
1769,3302.0,2.0,3,174062.78255440848
1770,2429.0,3.0,3,148539.15466714423
1771,2863.0,2.0,3,151473.94447465093
1772,3394.0,2.0,3,178796.66206087248
1773,3023.0,2.0,3,159706.77839893615
1774,4227.0,2.0,4,210447.02819011058
1775,2421.0,2.0,3,128730.74075881304
1776,2478.0,1.0,2,123478.74112129449
1777,1826.0,2.0,2,109326.7150919492
1778,2292.0,2.0,2,133304.84389642984
1779,2134.0,2.0,2,125174.92039619821
1780,2770.0,3.0,3,166085.38196827707
1781,2772.0,1.0,3,127394.74796809678
1782,2040.0,1.0,2,100941.35825356373
1783,3063.0,3.0,4,169949.93360305263
1784,2004.0,1.0,2,99088.97062059956
1785,2508.0,1.0,3,113810.57199302618
1786,4650.0,2.0,3,243424.40836651134
1787,2986.0,2.0,4,146591.11006487344
1788,1096.0,2.0,2,71764.41031239794
1789,2142.0,1.0,2,106189.78988029555
1790,1705.0,2.0,1,114312.45992578026
1791,4699.0,4.0,6,251103.7817128423
1792,3340.0,2.0,3,176018.0806114262
1793,2716.0,2.0,3,143910.0283067139
1794,2424.0,2.0,2,140096.93188396515
1795,2518.0,1.0,3,114325.12411329403
1796,1778.0,1.0,2,87460.0927025467
1797,3059.0,1.0,3,142162.39381978338
1798,2376.0,1.0,3,107018.4840054909
1799,1772.0,2.0,2,106548.13364250294
1800,1999.0,2.0,3,107016.6412835108
1801,2881.0,2.0,4,141188.31280206126
1802,3151.0,1.0,3,146896.27332624738
1803,3124.0,2.0,4,153691.9293245694
1804,2486.0,2.0,2,143287.15502962566
1805,2354.0,2.0,3,125283.24155301863
1806,2535.0,1.0,3,115199.86271774932
1807,3437.0,3.0,4,189194.1829010693
1808,2018.0,2.0,3,107994.29031201967
1809,2144.0,2.0,3,114477.64702739427
1810,2866.0,2.0,3,151628.31011073128
1811,2449.0,2.0,4,118959.6612064912
1812,2572.0,1.0,3,117103.70556274027
1813,2416.0,2.0,3,128473.46469867913
1814,2138.0,1.0,2,105983.96903218843
1815,945.0,1.0,1,55809.7265733086
1816,1784.0,1.0,2,87768.8239747074
1817,3067.0,2.0,3,161970.80772811457
1818,3516.0,2.0,3,185074.19792813994
1819,2295.0,2.0,3,122247.38404343845
1820,1473.0,1.0,2,71766.25303437802
1821,2835.0,1.0,3,130636.4263257841
1822,3140.0,1.0,4,135118.44050488103
1823,1172.0,1.0,2,56278.23421431647
1824,2997.0,1.0,3,138972.17067412287
1825,2591.0,2.0,3,137478.1268033661
1826,2028.0,1.0,3,89112.07022017057
1827,2285.0,1.0,2,113547.88520012544
1828,3157.0,2.0,3,166601.776810525
1829,3433.0,2.0,2,192015.24081898874
1830,3542.0,2.0,3,186412.03344083627
1831,2884.0,2.0,3,152554.50392721337
1832,3224.0,2.0,4,158837.45052724768
1833,3179.0,3.0,4,175918.7381981594
1834,2425.0,1.0,3,109539.78939480326
1835,3174.0,3.0,6,153237.81115988194
1836,3402.0,1.0,3,159811.5315449698
1837,2015.0,2.0,1,130263.57565408287
1838,2697.0,3.0,3,162329.15149032196
1839,1508.0,2.0,2,92963.95766743235
1840,2520.0,6.0,3,211411.89559793225
1841,2556.0,4.0,2,185682.5642957343
1842,1923.0,3.0,4,111290.99189252051
1843,2987.0,2.0,3,157854.39076597197
1844,1994.0,2.0,3,106759.3652233769
1845,3040.0,2.0,4,149369.69151431968
1846,2896.0,2.0,3,153171.96647153475
1847,3391.0,3.0,4,186827.2431478373
1848,760.0,1.0,2,35078.68685928207
1849,2081.0,1.0,2,103051.02194666181
1850,2486.0,2.0,2,143287.15502962566
1851,2676.0,2.0,3,141851.8198256426
1852,2758.0,2.0,3,146071.14721183878
1853,2469.0,3.0,2,161809.1886372873
1854,2727.0,3.0,1,186296.45882926896
1855,2434.0,2.0,2,140611.48400423297
1856,4075.0,4.0,3,252631.20587534521
1857,2592.0,1.0,4,106920.9843142042
1858,3021.0,2.0,6,125968.39150766729
1859,1935.0,2.0,4,92511.68222472497
1860,3115.0,4.0,2,214446.02781870574
1861,1913.0,2.0,4,91379.66756013577
1862,5087.0,8.0,6,348655.4928277016
1863,5087.0,8.0,6,348655.4928277016
1864,5087.0,8.0,6,348655.4928277016
1865,4582.0,3.0,1,281745.8771389506
1866,4598.0,3.0,3,260145.5095532356
1867,4174.0,2.0,3,218931.72744176287
1868,4576.0,3.0,3,259013.49488864635
1869,3402.0,3.0,2,209816.90145827542
1870,3578.0,3.0,2,218873.01877498912
1871,4082.0,2.0,3,214197.84793529887
1872,2630.0,3.0,3,158881.65228452752
1873,4076.0,4.0,3,252682.66108737205
1874,2578.0,2.0,3,136809.2090470179
1875,3546.0,3.0,3,206014.62650106035
1876,3438.0,4.0,3,219854.23581428477
1877,3636.0,3.0,3,210645.59558347077
1878,3874.0,2.0,3,203495.1638337281
1879,2229.0,1.0,3,99454.56783755386
1880,2272.0,2.0,2,132275.7396558942
1881,4766.0,3.0,3,268789.98517373507
1882,4146.0,3.0,4,225675.92822805812
1883,3163.0,3.0,3,186307.28029480262
1884,3721.0,3.0,3,215019.28860574728
1885,3665.0,3.0,2,223349.6222213192
1886,4511.0,3.0,3,255668.9061069055
1887,3522.0,3.0,3,204779.70141241755
1888,4233.0,3.0,3,241364.35716345994
1889,2580.0,3.0,3,156308.8916831884
1890,2947.0,2.0,3,155796.18228490066
1891,2172.0,2.0,2,127130.21845321594
1892,2072.0,1.0,3,91376.099549349
1893,2893.0,2.0,3,153017.60083545442
1894,3356.0,2.0,6,143205.88753663943
1895,3023.0,1.0,2,151521.83167589095
1896,2358.0,1.0,3,106092.29018900881
1897,2405.0,2.0,3,127907.45736638454
1898,2430.0,2.0,3,129193.83766705409
1899,2668.0,1.0,3,122043.40591731141
1900,2351.0,1.0,3,105732.10370482135
1901,3018.0,3.0,2,190058.1000399909
1902,3451.0,1.0,2,173544.66242335388
1903,3857.0,3.0,5,199593.54646324622
1904,2614.0,2.0,2,149873.42216905384
1905,3853.0,3.0,3,221811.3765932826
1906,2966.0,3.0,3,176170.60352552647
1907,3993.0,3.0,3,229015.10627703212
1908,2279.0,1.0,2,113239.15392796475
1909,2428.0,3.0,2,159699.5249441892
1910,2406.0,2.0,2,139170.73806748306
1911,3567.0,4.0,3,226491.95816573972
1912,5063.0,3.0,3,284072.1831456895
1913,4209.0,2.0,5,198309.0088845567
1914,1416.0,1.0,2,68833.30594885143
1915,4094.0,4.0,2,264820.6803929259
1916,1233.0,1.0,1,70628.82763702197
1917,4102.0,3.0,3,234623.72438795143
1918,2498.0,2.0,2,143904.61757394706
1919,3246.0,3.0,2,201789.88838209733
1920,3849.0,3.0,2,232817.3812342472
1921,5250.0,3.0,3,293694.3077946978
1922,4262.0,3.0,3,242856.55831223662
1923,3718.0,3.0,3,214864.92296966695
1924,4164.0,5.0,3,276607.4919578458
1925,3650.0,3.0,3,211365.96855184573
1926,5236.0,3.0,2,304185.7603153946
1927,2544.0,1.0,3,115662.95962599036
1928,3112.0,2.0,3,164286.2922693198
1929,2066.0,2.0,2,121675.96597837702
1930,2184.0,2.0,2,127747.68099753735
1931,2541.0,2.0,2,146117.1916910987
1932,2501.0,2.0,3,132847.15772095564
1933,3855.0,2.0,4,191305.68931614747
1934,3036.0,3.0,3,179772.46836740125
1935,2811.0,3.0,3,168195.04566137516
1936,3184.0,3.0,3,187387.83974736507
1937,3190.0,3.0,3,187696.57101952576
1938,3175.0,3.0,3,186924.74283912402
1939,3874.0,3.0,1,245315.58702398854
1940,3292.0,2.0,2,184760.0559232124
1941,3064.0,3.0,3,181213.21430415116
1942,3001.0,4.0,3,197368.3081585808
1943,3363.0,3.0,2,207810.14818923088
1944,4575.0,4.0,5,255935.160910593
1945,4728.0,3.0,2,278046.5126057891
1946,3745.0,1.0,3,177460.6692701562
1947,4181.0,3.0,2,249900.51162713903
1948,3894.0,3.0,3,223921.04028638068
1949,4080.0,3.0,2,244703.53521243398
1950,3270.0,3.0,3,191812.98798166835
1951,4862.0,3.0,3,273729.6855283062
1952,4582.0,3.0,3,259322.22616080707
1953,3057.0,3.0,3,180853.02781996367
1954,3372.0,3.0,3,197061.41960840017
1955,2512.0,2.0,3,133413.16505325027
1956,5798.0,4.0,4,330076.7107084198
1957,3385.0,2.0,2,189545.39064170318
1958,4953.0,4.0,4,286597.05654578854
1959,3213.0,4.0,4,197064.98761918693
1960,2176.0,1.0,2,107939.26708920616
1961,2304.0,2.0,3,122710.48095167949
1962,1786.0,3.0,2,126665.27882299483
1963,2233.0,2.0,2,130268.98638684969
1964,2196.0,3.0,3,136550.0902649039
1965,2771.0,3.0,4,154925.01169123212
1966,2588.0,2.0,2,148535.58665635748
1967,4373.0,3.0,3,248568.0868472095
1968,5968.0,4.0,4,338824.0967529728
1969,4969.0,3.0,2,290447.21870424366
1970,5842.0,4.0,4,332340.74003759824
1971,5982.0,4.0,4,339544.4697213478
1972,5003.0,4.0,3,300381.6426361994
1973,3816.0,3.0,4,208695.7082592199
1974,4602.0,4.0,4,268536.27712438785
1975,6373.0,4.0,1,393298.93409103504
1976,4154.0,3.0,2,248511.2209024159
1977,4934.0,4.0,4,285619.4075172797
1978,5576.0,3.0,4,299256.88142635714
1979,4642.0,3.0,2,273621.3643714858
1980,3251.0,2.0,2,182650.39223011432
1981,4754.0,3.0,2,279384.3481184854
1982,3269.0,3.0,2,202973.35825871333
1983,3269.0,2.0,2,183576.5860465964
1984,2891.0,3.0,2,183523.28811258954
1985,3834.0,3.0,2,232045.55305384548
1986,3800.0,3.0,2,230296.07584493485
1987,2944.0,2.0,2,166853.64213789208
1988,2772.0,3.0,3,166188.29239233065
1989,3146.0,3.0,3,185432.5416903473
1990,3435.0,3.0,4,189091.27247701574
1991,3410.0,3.0,2,210228.54315448966
1992,3413.0,3.0,3,199171.08330149826
1993,2659.0,3.0,3,160373.85343330423
1994,3947.0,3.0,4,215436.3410347284
1995,3035.0,3.0,3,179721.01315537447
1996,4019.0,3.0,3,230352.94178972847
1997,4693.0,3.0,4,253821.92920670818
1998,5103.0,3.0,2,297342.21711583255
1999,3933.0,4.0,4,234112.74027847036
2000,4773.0,3.0,4,257938.34616885075
2001,4544.0,4.0,4,265551.8748268345
2002,3824.0,3.0,3,220319.17544450588
2003,4257.0,3.0,3,242599.28225210274
2004,3985.0,4.0,3,248000.23679293483
2005,3420.0,2.0,3,180134.4975735688
2006,3628.0,2.0,3,190837.18167513958
2007,4233.0,2.0,3,221967.58495134301
2008,3234.0,3.0,2,201172.42583777593
2009,3282.0,4.0,3,211827.22273810668
2010,3212.0,3.0,3,188828.58568411498
2011,2440.0,2.0,3,129708.38978732191
2012,2839.0,2.0,3,150239.01938600815
2013,2958.0,3.0,3,175758.9618293122
2014,3280.0,4.0,3,211724.31231405312
2015,3190.0,3.0,3,187696.57101952576
2016,3199.0,4.0,3,207556.44013988372
2017,3356.0,4.0,3,215634.9084280886
2018,2553.0,2.0,3,135522.82874634833
2019,2280.0,2.0,3,121475.55586303672
2020,2088.0,2.0,3,111596.15515389445
2021,2004.0,1.0,3,87877.1451315278
2022,3734.0,3.0,3,215688.20636209546
2023,3224.0,2.0,4,158837.45052724768
2024,4770.0,4.0,4,277180.7527448873
2025,5613.0,4.0,4,320557.496483465
2026,3075.0,2.0,1,184806.10040247237
2027,2446.0,4.0,2,180022.49097278822
2028,2723.0,2.0,2,155482.04027997312
2029,2765.0,4.0,3,185224.8781202601
2030,4045.0,3.0,2,242902.60279149658
2031,3487.0,3.0,1,225402.4199696237
2032,3639.0,3.0,2,222011.78670862288
2033,3835.0,3.0,2,232097.00826587225
2034,2558.0,4.0,3,174573.6492307161
2035,3193.0,4.0,3,207247.70886772303
2036,3195.0,4.0,3,207350.6192917766
2037,3216.0,4.0,3,208431.17874433903
2038,4393.0,4.0,2,280205.7887889339
2039,3142.0,3.0,1,207650.37182038373
2040,5028.0,4.0,3,301668.022936869
2041,4017.0,4.0,3,249646.80357779184
2042,3489.0,3.0,3,203081.67941553373
2043,3586.0,3.0,4,196861.0094930599
2044,4209.0,2.0,4,209520.8343736285
2045,4072.0,2.0,4,202471.4703259593
2046,3734.0,2.0,4,185079.6086609068
2047,2706.0,2.0,4,132183.6506973743
2048,2646.0,2.0,3,140308.16346483913
2049,4032.0,2.0,6,177989.61086674445
2050,2959.0,2.0,4,145201.8193401503
2051,1521.0,1.0,2,74236.10321166359
2052,2843.0,2.0,3,150444.84023411528
2053,2790.0,2.0,3,147717.71399669582
2054,1485.0,1.0,2,72383.71557869941
2055,3264.0,2.0,3,172107.48449739075
2056,2365.0,2.0,3,125849.24888531322
2057,2528.0,1.0,3,114839.67623356186
2058,3802.0,3.0,4,207975.33529084493
2059,2827.0,2.0,3,149621.55684168675
2060,3574.0,3.0,2,218667.197926882
2061,3896.0,2.0,3,204627.1784983173
2062,2592.0,2.0,3,137529.58201539287
2063,1842.0,2.0,2,110149.9984843777
2064,2940.0,2.0,3,155435.9958007132
2065,2366.0,1.0,2,117715.75737429484
2066,3368.0,2.0,3,177458.82654817612
2067,2137.0,3.0,4,122302.40726625198
2068,4132.0,2.0,5,194346.95755849447
2069,1325.0,1.0,1,75362.70714348595
2070,2374.0,1.0,3,106915.57358143735
2071,1848.0,1.0,2,91061.95754442149
2072,3916.0,2.0,3,205656.28273885295
2073,2576.0,3.0,3,156103.07083508128
2074,3567.0,2.0,3,187698.41374150585
2075,2681.0,2.0,3,142109.0958857765
2076,2328.0,1.0,2,115760.45931727711
2077,3063.0,3.0,3,181161.75909212438
2078,2353.0,2.0,3,125231.78634099182
2079,2772.0,2.0,3,146791.52018021373
2080,2200.0,2.0,2,128570.96438996585
2081,2372.0,1.0,4,95600.83766831202
2082,3600.0,2.0,6,155760.9592711744
2083,2836.0,2.0,3,150084.6537499278
2084,2000.0,2.0,2,118279.92198460935
2085,2498.0,1.0,3,113296.01987275836
2086,1808.0,2.0,3,97188.69578639534
2087,2503.0,1.0,3,113553.29593289227
2088,2612.0,1.0,2,130373.73953288334
2089,1600.0,1.0,2,78301.06496177941
2090,2740.0,2.0,4,133933.12790628494
2091,2703.0,2.0,3,143241.11055036573
2092,3084.0,2.0,2,174057.37182164163
2093,3137.0,1.0,2,157387.72584694417
2094,1986.0,2.0,2,117559.54901623439
2095,3274.0,2.0,3,172622.03661765857
2096,1676.0,1.0,2,82211.66107581489
2097,1959.0,1.0,3,85561.66059032257
2098,3292.0,1.0,3,154151.4582220237
2099,1307.0,1.0,1,74436.51332700388
2100,2036.0,2.0,5,86496.83315035824
2101,3096.0,2.0,4,152251.1833878195
2102,2554.0,1.0,3,116177.51174625818
2103,1810.0,1.0,2,89106.65948740374
2104,3935.0,2.0,4,195422.10627829007
2105,2429.0,2.0,3,129142.38245502731
2106,2377.0,1.0,2,118281.76470658944
2107,4449.0,2.0,5,210658.25977098453
2108,2276.0,2.0,2,132481.56050400133
2109,2270.0,1.0,2,112776.05701972371
2110,2704.0,1.0,2,135107.61903934734
2111,2802.0,2.0,3,148335.1765410172
2112,3032.0,2.0,3,160169.8753071772
2113,2122.0,1.0,3,93948.86015068814
2114,2194.0,2.0,3,117050.4076287334
2115,2904.0,2.0,3,153583.60816774901
2116,2316.0,1.0,2,115142.99677295571
2117,3266.0,2.0,3,172210.3949214443
2118,2321.0,2.0,2,134797.04504520656
2119,2266.0,1.0,3,101358.41068254481
2120,2316.0,2.0,3,123327.94349600087
2121,2167.0,1.0,2,107476.17018096511
2122,2621.0,2.0,2,150233.6086532413
2123,1020.0,1.0,1,59668.86747531729
2124,3418.0,2.0,4,168819.7616604435
2125,3772.0,2.0,4,187034.90671792452
2126,3393.0,2.0,4,167533.38135977392
2127,3830.0,2.0,5,178807.4835264061
2128,2815.0,1.0,3,129607.32208524845
2129,2060.0,1.0,1,113182.28798317113
2130,2908.0,2.0,4,142577.6035267844
2131,3675.0,2.0,4,182043.7511513266
2132,2705.0,2.0,2,154555.84646349103
2133,2532.0,1.0,2,126257.32257074075
2134,2388.0,3.0,3,146429.49097404614
2135,1826.0,1.0,1,101141.76836890401
2136,2126.0,2.0,3,113551.45321091221
2137,2522.0,1.0,3,114530.94496140114
2138,2624.0,2.0,3,139176.1488002499
2139,2756.0,2.0,3,145968.2367877852
2140,2482.0,2.0,3,131869.50869244678
2141,2299.0,2.0,3,122453.20489154558
2142,2506.0,1.0,3,113707.66156897263
2143,2870.0,2.0,2,163045.95644791017
2144,3030.0,2.0,3,160066.9648831236
2145,2388.0,2.0,3,127032.71876192922
2146,3219.0,2.0,1,192215.65093432905
2147,3469.0,3.0,3,202052.57517499808
2148,2553.0,3.0,2,166131.42644753703
2149,2823.0,1.0,3,130018.96378146269
2150,3666.0,3.0,3,212189.25194427423
2151,2033.0,1.0,2,100581.17176937625
2152,3137.0,2.0,2,176784.4980590611
2153,4074.0,2.0,3,213786.2062390846
2154,1728.0,2.0,2,104284.10431332451
2155,2406.0,2.0,3,127958.91257841131
2156,4801.0,4.0,4,278775.8643177176
2157,4226.0,4.0,3,260400.94289138942
2158,3731.0,3.0,4,204322.01523694335
2159,3314.0,3.0,3,194077.0173108468
2160,2592.0,3.0,3,156926.3542275098
2161,4292.0,2.0,3,225003.4424609232
2162,6220.0,3.0,3,343605.86346067686
2163,4643.0,4.0,3,281857.76630655775
2164,3933.0,3.0,3,225927.7935554252
2165,3602.0,3.0,2,220107.94386363192
2166,2676.0,2.0,3,141851.8198256426
2167,3712.0,3.0,3,214556.19169750623
2168,3331.0,4.0,3,214348.52812741903
2169,3036.0,3.0,3,179772.46836740125
2170,3605.0,4.0,3,228447.25622275745
2171,3057.0,2.0,3,161456.25560784675
2172,2728.0,2.0,3,144527.49085103528
2173,3468.0,3.0,2,213212.94545204306
2174,4072.0,3.0,3,233080.06802714797
2175,4313.0,4.0,3,264877.5463377195
2176,4496.0,3.0,3,254897.07792650379
2177,4109.0,3.0,4,223772.08538306717
2178,3323.0,3.0,3,194540.11421908785
2179,2256.0,2.0,1,142664.28175253747
2180,4624.0,4.0,2,292091.94276712066
2181,3395.0,2.0,3,178848.11727289925
2182,3966.0,2.0,3,208229.0433401921
2183,3372.0,2.0,3,177664.64739628325
2184,2868.0,1.0,3,132334.44832266791
2185,2217.0,2.0,3,118233.8775053494
2186,2872.0,3.0,3,171333.8135950089
2187,2980.0,2.0,3,157494.20428178448
2188,2522.0,2.0,3,133927.7171735181
2189,4816.0,4.0,5,268335.8670090476
2190,1152.0,2.0,2,74645.90218589776
2191,1152.0,2.0,2,74645.90218589776
2192,1680.0,2.0,2,101814.25413603894
2193,1680.0,2.0,2,101814.25413603894
2194,1137.0,2.0,4,51450.423027352495
2195,2261.0,1.0,2,112312.96011148267
2196,1932.0,1.0,3,84172.36986559945
2197,2629.0,2.0,3,139433.42486038382
2198,3054.0,2.0,2,172513.71546083814
2199,3729.0,6.0,4,262409.42144924053
2200,2521.0,2.0,2,145088.08745056306
2201,2764.0,1.0,3,126983.10627188254
2202,2632.0,3.0,3,158984.5627085811
2203,3203.0,1.0,4,138360.1188625683
2204,3160.0,2.0,4,155544.3169575336
2205,2647.0,1.0,3,120962.84646474896
2206,2918.0,2.0,2,165515.80662519572
2207,3474.0,2.0,4,171701.25353394332
2208,3595.0,4.0,3,227932.70410248963
2209,4555.0,3.0,3,257932.93543608394
2210,2223.0,1.0,2,110357.66205446493
2211,2124.0,2.0,2,124660.36827593039
2212,2050.0,1.0,3,90244.0848847598
2213,2076.0,1.0,4,80370.09490838437
2214,2848.0,2.0,3,150702.1162942492
2215,1882.0,1.0,2,92811.43475333208
2216,3462.0,2.0,4,171083.79098962192
2217,1220.0,1.0,2,58748.08439160204
2218,1842.0,1.0,2,90753.22627226078
2219,1600.0,1.0,2,78301.06496177941
2220,1862.0,2.0,3,99967.27723584161
2221,4137.0,4.0,2,267033.25451007753
2222,4058.0,4.0,2,262968.29275996174
2223,4896.0,4.0,3,294875.9349493337
2224,3896.0,3.0,3,224023.95071043423
2225,2356.0,4.0,4,152967.8709122343
2226,4349.0,3.0,3,247333.16175856674
2227,3530.0,3.0,2,216403.16859770357
2228,3869.0,3.0,3,222634.6599857111
2229,3504.0,4.0,3,223250.2798080524
2230,2294.0,3.0,3,141592.7010435286
2231,3138.0,3.0,3,185020.89999413307
2232,3872.0,2.0,3,203392.25340967454
2233,3372.0,2.0,3,177664.64739628325
2234,3619.0,3.0,3,209770.85697901546
2235,3993.0,3.0,3,229015.10627703212
2236,4408.0,3.0,3,250369.0192681469
2237,5085.0,4.0,3,304600.9700223956
2238,3472.0,4.0,2,232815.5385122671
2239,2236.0,1.0,2,111026.57981081311
2240,2892.0,3.0,2,183574.7433246163
2241,3540.0,2.0,3,186309.12301678272
2242,2679.0,1.0,3,122609.413249606
2243,2479.0,2.0,4,120503.3175672947
2244,2032.0,2.0,2,119926.48876946639
2245,1968.0,2.0,1,127845.18068882408
2246,2611.0,2.0,3,138507.23104390173
2247,1825.0,3.0,3,117460.20660296758
2248,2211.0,2.0,2,129136.97172226048
2249,1954.0,1.0,3,85304.38453018866
2250,2237.0,1.0,3,99866.20953376812
2251,2810.0,2.0,4,137534.9927481597
2252,3743.0,2.0,3,196754.53105821958
2253,2158.0,3.0,3,134594.79220788617
2254,2804.0,3.0,3,167834.8591771877
2255,3392.0,4.0,3,217487.29606105277
2256,2708.0,3.0,3,162895.15882261656
2257,3937.0,4.0,5,223106.73563750577
2258,2796.0,2.0,3,148026.4452688565
2259,3311.0,3.0,3,193922.65167476644
2260,3264.0,2.0,3,172107.48449739075
2261,3068.0,3.0,2,192630.86064133004
2262,3321.0,2.0,1,197464.08256106087
2263,4571.0,5.0,4,286337.93776367453
2264,6565.0,4.0,4,369542.85833296203
2265,3496.0,3.0,3,203441.86589972122
2266,3944.0,3.0,2,237705.62637679154
2267,5648.0,3.0,1,336597.1331595008
2268,4974.0,3.0,3,279492.6692753058
2269,3240.0,3.0,3,190269.3316208649
2270,2927.0,3.0,3,174163.85025648194
2271,3856.0,3.0,3,221965.74222936292
2272,3455.0,4.0,4,209517.1489296683
2273,3132.0,2.0,3,165315.39650985543
2274,3471.0,3.0,2,213367.3110881234
2275,4038.0,3.0,2,242542.4163073091
2276,3580.0,3.0,3,207764.10370997095
2277,3545.0,4.0,4,214148.11801207875
2278,3175.0,2.0,3,167527.97062700707
2279,2316.0,1.0,3,103931.17128388394
2280,2238.0,1.0,2,111129.49023486667
2281,3389.0,2.0,2,189751.21148981032
2282,3332.0,3.0,2,206215.0366164006
2283,2025.0,2.0,3,108354.47679620716
2284,2182.0,2.0,4,105221.11959534028
2285,2575.0,2.0,2,147866.6689000093
2286,2336.0,2.0,3,124357.04773653654
2287,4558.0,3.0,3,258087.30107216426
2288,4356.0,2.0,3,228296.57603063725
2289,5440.0,4.0,2,334079.3957809752
2290,5956.0,4.0,3,349418.4596977232
2291,4487.0,3.0,4,243222.155529191
2292,5346.0,4.0,2,329242.6058504576
2293,6194.0,3.0,3,342268.0279479805
2294,5613.0,3.0,4,301160.7242713481
2295,6006.0,5.0,2,382599.8180002511
2296,4830.0,3.0,3,272083.11874344916
2297,4080.0,4.0,3,252888.48193547915
2298,4710.0,3.0,3,265908.49330023525
2299,5822.0,3.0,5,300703.0380958739
2300,4940.0,4.0,3,297139.96427851217
2301,3787.0,4.0,3,237812.10481163184
2302,4244.0,3.0,3,241930.36449575453
2303,4191.0,3.0,3,239203.2382583351
2304,4042.0,3.0,3,231536.4116663445
2305,3395.0,3.0,1,220668.5404631597
2306,3395.0,3.0,1,220668.5404631597
2307,3404.0,3.0,2,209919.81188232897
2308,3964.0,2.0,2,219337.95840521026
2309,3960.0,3.0,2,238528.90976922007
2310,3236.0,2.0,2,181878.5640497126
2311,3460.0,3.0,2,212801.3037558288
2312,2936.0,3.0,3,174626.94716472298
2313,2842.0,3.0,3,169790.15723420543
2314,2653.0,2.0,3,140668.3499490266
2315,2803.0,3.0,3,167783.40396516092
2316,2828.0,4.0,3,188466.5564779474
2317,3183.0,3.0,3,187336.38453533826
2318,2828.0,3.0,3,169069.78426583047
2319,2708.0,3.0,3,162895.15882261656
2320,2966.0,2.0,3,156773.83131340952
2321,3788.0,3.0,2,229678.61330061348
2322,3036.0,2.0,2,171587.52164435605
2323,2515.0,3.0,2,164176.1283905193
2324,2258.0,4.0,3,159137.08562268136
2325,3687.0,3.0,3,213269.81139683668
2326,2278.0,3.0,3,140769.41765110008
2327,3277.0,3.0,4,180961.3489767841
2328,3596.0,3.0,4,197375.5616133277
2329,3097.0,4.0,3,202308.0085131519
2330,3547.0,3.0,3,206066.08171308713
2331,5392.0,4.0,4,309185.89462554606
2332,5487.0,4.0,4,314074.13976809045
2333,5075.0,4.0,4,292874.592413056
2334,4209.0,3.0,4,228917.60658574544
2335,4033.0,4.0,4,239258.26148114863
2336,5086.0,3.0,4,274043.8275332337
2337,3546.0,2.0,3,186617.8542889434
2338,4214.0,3.0,3,240386.70813495107
2339,3756.0,2.0,3,197423.44881456776
2340,5152.0,3.0,1,311075.3479942166
2341,3764.0,5.0,3,256025.4071471328
2342,3746.0,3.0,3,216305.66890641686
2343,3899.0,3.0,3,224178.3163465146
2344,3826.0,3.0,3,220422.08586855946
2345,4031.0,3.0,3,230970.4043340499
2346,3415.0,2.0,3,179877.2215134349
2347,3455.0,2.0,3,181935.4299945062
2348,3558.0,3.0,3,206632.08904538173
2349,2874.0,3.0,3,171436.72401906247
2350,4010.0,4.0,3,249286.61709360435
2351,4008.0,2.0,2,221601.9877343887
2352,4203.0,2.0,2,231635.7540796113
2353,4665.0,3.0,4,252381.18326995827
2354,2336.0,2.0,3,124357.04773653654
2355,2341.0,2.0,3,124614.32379667045
2356,2764.0,2.0,3,146379.87848399946
2357,3545.0,2.0,3,186566.39907691663
2358,3405.0,3.0,3,198759.441605284
2359,2519.0,2.0,2,144985.17702650948
2360,2288.0,2.0,2,133099.0230483227
2361,2954.0,3.0,3,175553.14098120507
2362,4571.0,4.0,3,278152.9910406294
2363,2688.0,2.0,2,153681.10785903575
2364,3096.0,2.0,2,174674.834365963
2365,3512.0,3.0,2,215476.97478122148
2366,2836.0,3.0,2,180693.2514511165
2367,3672.0,3.0,2,223709.8087055067
2368,3411.0,3.0,2,210279.99836651643
2369,3730.0,3.0,2,226694.21100306007
2370,2685.0,4.0,3,181108.4611581175
2371,2801.0,3.0,3,167680.49354110734
2372,3672.0,2.0,3,193101.211004318
2373,3882.0,4.0,3,242700.34995417623
2374,5014.0,4.0,3,300947.6499684941
2375,3713.0,3.0,1,237031.29788767657
2376,5106.0,4.0,3,305681.529474958
2377,5900.0,3.0,2,338352.02110117825
2378,2602.0,3.0,3,157440.9063477776
2379,4181.0,4.0,4,246873.63286111245
2380,2695.0,2.0,3,142829.46885415146
2381,3512.0,3.0,3,204265.14929214973
2382,3707.0,2.0,3,194902.1434252554
2383,3930.0,2.0,2,217588.48119629966
2384,4017.0,4.0,3,249646.80357779184
2385,2894.0,3.0,3,172465.8282595981
2386,2548.0,2.0,3,135265.55268621442
2387,2516.0,2.0,3,133618.9859013574
2388,1754.0,2.0,2,105621.93982602085
2389,2436.0,1.0,2,121317.62221616962
2390,2619.0,2.0,2,150130.69822918775
2391,2882.0,1.0,3,133054.82129104287
2392,2100.0,1.0,3,92816.84548609891
2393,2814.0,3.0,3,168349.41129745552
2394,2716.0,2.0,3,143910.0283067139
2395,3699.0,3.0,5,191463.62296301458
2396,2902.0,2.0,3,153480.69774369546
2397,3955.0,3.0,3,227059.8082200144
2398,2742.0,1.0,2,137062.91709636507
2399,1384.0,2.0,2,86583.51137611132
2400,1061.0,2.0,2,69963.47789146054
2401,2067.0,1.0,2,102330.64897828686
2402,2691.0,2.0,2,153835.47349511608
2403,3912.0,2.0,4,194238.63640167407
2404,2685.0,3.0,3,161711.68894600056
2405,3165.0,2.0,3,167013.41850673925
2406,2406.0,2.0,2,139170.73806748306
2407,2324.0,2.0,3,123739.58519221513
2408,3147.0,2.0,3,166087.22469025716
2409,2624.0,1.0,3,119779.37658813296
2410,3516.0,1.0,4,154465.60022695124
2411,2186.0,2.0,2,127850.5914215909
2412,3285.0,1.0,3,153791.27173783624
2413,2768.0,2.0,3,146585.6993321066
2414,2417.0,2.0,3,128524.91991070591
2415,3604.0,2.0,4,178390.43109742505
2416,2354.0,1.0,2,117098.29482997344
2417,2373.0,2.0,3,126260.89058152749
2418,2254.0,2.0,3,120137.72035034036
2419,3082.0,2.0,4,151530.81041944455
2420,2319.0,2.0,3,123482.30913208122
2421,3625.0,2.0,3,190682.81603905922
2422,2592.0,1.0,2,129344.63529234771
2423,2700.0,2.0,3,143086.74491428537
2424,3515.0,2.0,3,185022.74271611316
2425,5606.0,4.0,4,320197.3099992775
2426,3012.0,3.0,1,200961.194256902
2427,2382.0,2.0,3,126723.98748976854
2428,3323.0,3.0,4,183328.2887300161
2429,2048.0,2.0,3,109537.94667282316
2430,2192.0,2.0,3,116947.49720467985
2431,2630.0,2.0,3,139484.8800724106
2432,2366.0,2.0,3,125900.70409734
2433,2903.0,2.0,3,153532.15295572224
2434,2808.0,3.0,3,168040.68002529483
2435,3105.0,2.0,3,163926.1057851323
2436,1225.0,1.0,3,47793.534962664184
2437,2080.0,1.0,2,102999.56673463504
2438,2394.0,2.0,3,127341.45003408991
2439,2502.0,1.0,2,124713.66620993726
2440,2892.0,1.0,3,133569.3734113107
2441,2370.0,2.0,2,137318.35043451888
2442,2140.0,1.0,2,106086.87945624198
2443,2259.0,1.0,2,112210.04968742911
2444,2612.0,1.0,2,130373.73953288334
2445,2059.0,1.0,3,90707.18179300083
2446,3375.0,3.0,4,186003.95975540878
2447,3313.0,3.0,3,194025.56209882
2448,2744.0,3.0,4,153535.720966509
2449,2751.0,1.0,3,126314.18851553436
2450,3275.0,2.0,3,172673.49182968534
2451,2413.0,2.0,3,128319.09906259878
2452,4147.0,2.0,3,217542.43671703973
2453,1299.0,1.0,2,62813.04614171786
2454,1806.0,2.0,1,119509.4363404853
2455,2339.0,2.0,1,146935.0643507604
2456,2686.0,2.0,3,142366.37194591042
2457,2418.0,2.0,3,128576.37512273269
2458,2049.0,2.0,3,109589.40188484994
2459,2144.0,1.0,2,106292.70030434911
2460,3107.0,3.0,3,183425.7884213028
2461,2274.0,2.0,4,109954.99910180425
2462,2892.0,1.0,3,133569.3734113107
2463,2441.0,2.0,2,140971.67048842044
2464,3924.0,3.0,4,214252.8711581124
2465,2918.0,1.0,3,134907.20892400705
2466,2642.0,1.0,4,109493.7449155433
2467,2542.0,3.0,3,154353.59362617065
2468,2107.0,2.0,3,112573.80418240331
2469,2476.0,1.0,2,123375.83069724093
2470,3803.0,3.0,5,196814.96501379996
2471,3728.0,2.0,4,184770.8773887461
2472,4208.0,2.0,3,220681.20465067346
2473,2559.0,3.0,3,155228.33223062597
2474,2828.0,2.0,3,149673.01205371355
2475,4291.0,3.0,3,244348.7594610133
2476,2282.0,2.0,2,132790.29177616202
2477,2448.0,2.0,3,130120.03148353618
2478,3624.0,2.0,2,201843.1863161042
2479,2450.0,2.0,3,130222.94190758973
2480,2528.0,3.0,3,153633.2206577957
2481,2434.0,2.0,3,129399.65851516122
2482,2350.0,2.0,2,136289.24619398324
2483,2037.0,1.0,3,89575.16712841162
2484,2546.0,2.0,2,146374.46775123262
2485,2343.0,2.0,3,124717.234220724
2486,2938.0,2.0,3,155333.0853766596
2487,4661.0,3.0,4,252175.3624218511
2488,2332.0,2.0,2,135363.05237750115
2489,3121.0,1.0,3,145352.61696544389
2490,2637.0,2.0,3,139845.0665565981
2491,1598.0,1.0,3,66986.32904865408
2492,3509.0,2.0,3,184714.01144395245
2493,2352.0,2.0,3,125180.33112896504
2494,3416.0,2.0,3,179928.67672546167
2495,2062.0,1.0,2,102073.37291815295
2496,4444.0,3.0,4,241009.58141203932
2497,3312.0,2.0,3,174577.3346746763
2498,2127.0,2.0,3,113602.90842293898
2499,1311.0,1.0,3,52218.68319696748
2500,2445.0,2.0,2,141177.49133652757
2501,2940.0,2.0,4,144224.17031164144
2502,2881.0,2.0,4,141188.31280206126
2503,2593.0,2.0,4,126369.21173834789
2504,5093.0,2.0,4,255007.24180530428
2505,3531.0,4.0,3,224639.57053277554
2506,4432.0,2.0,3,232207.17214467278
2507,5342.0,3.0,3,298428.1873011618
2508,4420.0,2.0,3,231589.70960035134
2509,4074.0,2.0,3,213786.2062390846
2510,3845.0,2.0,3,202002.9626849514
2511,3160.0,2.0,2,177967.9679356771
2512,3527.0,3.0,3,205036.97747255146
2513,3721.0,4.0,3,234416.0608178642
2514,3884.0,3.0,0,257041.9646333281
2515,2791.0,2.0,3,147769.1692087226
2516,2636.0,4.0,3,178587.15576880515
2517,2620.0,2.0,3,138970.32795214278
2518,2742.0,3.0,3,164644.63603152716
2519,3783.0,3.0,3,218209.51175140782
2520,3214.0,4.0,3,208328.26832028548
2521,3155.0,3.0,3,185895.63859858835
2522,3602.0,4.0,3,228292.89058667712
2523,2198.0,1.0,3,97859.45626472362
2524,2537.0,2.0,3,134699.54535391982
2525,2580.0,2.0,3,136912.11947107146
2526,2828.0,2.0,3,149673.01205371355
2527,2091.0,2.0,3,111750.5207899748
2528,2263.0,1.0,3,101204.04504646448
2529,2459.0,2.0,3,130686.03881583078
2530,2340.0,1.0,3,105166.09637252672
2531,4464.0,3.0,3,253250.5111416467
2532,3641.0,4.0,3,230299.64385572163
2533,3580.0,3.0,3,207764.10370997095
2534,3787.0,2.0,3,199018.560387398
2535,4835.0,4.0,4,280525.3415266282
2536,3717.0,4.0,3,234210.2399697571
2537,3488.0,3.0,1,225453.87518165048
2538,2801.0,3.0,3,167680.49354110734
2539,3078.0,3.0,2,193145.41276159787
2540,3120.0,2.0,3,164697.93396553406
2541,2843.0,3.0,3,169841.6124462322
2542,2744.0,3.0,3,164747.54645558074
2543,2661.0,2.0,2,152291.81713431262
2544,2696.0,1.0,2,134695.97734313307
2545,2971.0,2.0,3,157031.10737354346
2546,2980.0,1.0,2,149309.2575587393
2547,2760.0,2.0,3,146174.05763589233
2548,2812.0,3.0,5,145822.84989525843
2549,2716.0,4.0,3,182703.57273094775
2550,12374.0,5.0,2,710266.6081868022
2551,2188.0,2.0,2,127953.50184564448
2552,2491.0,2.0,2,143544.43108975957
2553,1152.0,2.0,2,74645.90218589776
2554,2508.0,2.0,4,121995.51871607138
2555,1825.0,2.0,2,109275.25987992242
2556,2087.0,1.0,2,103359.75321882252
2557,2452.0,2.0,3,130325.85233164331
2558,4870.0,4.0,6,259902.62296942208
2559,3128.0,1.0,3,145712.80344963138
2560,2573.0,2.0,2,147763.75847595575
2561,1845.0,2.0,2,110304.36412045806
2562,2433.0,1.0,3,109951.4310910175
2563,2488.0,1.0,3,112781.46775249054
2564,3337.0,3.0,4,184048.66169839105
2565,2172.0,2.0,2,127130.21845321594
2566,2956.0,2.0,4,145047.45370406995
2567,2755.0,2.0,3,145916.78157575842
2568,4359.0,2.0,3,228450.94166671764
2569,3744.0,3.0,3,216202.75848236328
2570,2203.0,1.0,2,109328.55781392929
2571,4140.0,2.0,4,205970.4247437805
2572,2668.0,2.0,1,163863.82910757186
2573,4163.0,2.0,3,218365.72010946824
2574,4373.0,3.0,2,259779.91233628124
2575,2685.0,1.0,3,122918.14452176672
2576,2713.0,2.0,3,143755.66267063355
2577,3553.0,2.0,3,186978.0407731309
2578,1828.0,1.0,2,90032.85330388583
2579,1149.0,1.0,1,66306.58982677224
2580,3081.0,2.0,4,151479.35520741777
2581,3310.0,2.0,3,174474.42425062272
2582,2336.0,1.0,2,116172.10101349135
2583,3969.0,4.0,2,258388.77888957804
2584,3092.0,3.0,2,193865.78572997282
2585,3700.0,2.0,3,194541.9569410679
2586,3683.0,3.0,1,235487.64152687308
2587,3574.0,3.0,3,207455.37243781026
2588,2406.0,2.0,3,127958.91257841131
2589,2717.0,2.0,2,155173.30900781244
2590,3754.0,3.0,2,227929.13609170285
2591,3737.0,3.0,4,204630.74650910406
2592,3950.0,2.0,3,207405.75994776355
2593,3744.0,2.0,2,208017.8117593181
2594,3265.0,3.0,3,191555.71192153444
2595,3334.0,2.0,2,186921.17482833727
2596,4801.0,3.0,2,281802.7430837442
2597,3588.0,2.0,3,188778.97319406827
2598,4235.0,5.0,5,257837.1610336039
2599,4884.0,2.0,3,255464.92798077845
2600,4385.0,1.0,2,221603.8304563688
2601,2356.0,3.0,0,178418.40065640438
2602,1891.0,2.0,3,101459.4783846183
2603,2028.0,2.0,2,119720.66792135926
2604,1702.0,2.0,3,91734.44331155639
2605,1924.0,2.0,3,103157.50038150212
2606,2876.0,2.0,1,174566.51320914263
2607,4552.0,4.0,3,277175.3420121205
2608,4288.0,3.0,3,244194.39382493298
2609,3055.0,3.0,3,180750.1173959101
2610,1721.0,2.0,2,103923.91782913703
2611,3638.0,1.0,3,171954.96158329048
2612,2902.0,3.0,3,172877.46995581238
2613,2226.0,2.0,2,129908.79990266221
2614,2179.0,2.0,3,116278.57944833167
2615,3203.0,3.0,2,199577.3142649457
2616,2625.0,2.0,2,150439.42950134844
2617,4377.0,2.0,3,229377.13548319973
2618,3834.0,3.0,1,243257.37854291726
2619,4354.0,2.0,3,228193.6656065837
2620,3231.0,4.0,3,209203.00692474077
2621,2959.0,3.0,3,175810.41704133898
2622,3442.0,3.0,3,200663.28445027495
2623,3784.0,3.0,4,207049.14147436284
2624,5075.0,4.0,3,304086.4179021278
2625,5547.0,3.0,4,297764.68027758045
2626,2901.0,3.0,3,172826.0147437856
2627,3046.0,2.0,2,172102.0737646239
2628,5085.0,5.0,3,323997.7422345125
2629,5914.0,4.0,5,324833.6898144548
2630,4527.0,3.0,4,245280.36401026227
2631,5534.0,4.0,4,316492.5347333492
2632,5219.0,4.0,4,300284.1429449127
2633,4156.0,3.0,2,248614.13132646945
2634,5208.0,4.0,3,310929.96110168984
2635,2834.0,2.0,2,161193.568814946
2636,3789.0,3.0,4,207306.41753449675
2637,3210.0,2.0,2,180540.72853701623
2638,4065.0,4.0,3,252116.6537550774
2639,3111.0,3.0,3,183631.60926940994
2640,3047.0,2.0,3,160941.70348757892
2641,2377.0,2.0,3,126466.71142963463
2642,3713.0,3.0,2,225819.4723986048
2643,2057.0,2.0,3,110001.04358106421
2644,2606.0,2.0,3,138249.95498376782
2645,1788.0,2.0,3,96159.5915458597
2646,1695.0,2.0,2,102586.08231644068
2647,2233.0,2.0,3,119057.16089777794
2648,2858.0,3.0,2,181825.2661157057
2649,2870.0,2.0,3,151834.13095883842
2650,2458.0,3.0,2,161243.18130499267
2651,2799.0,3.0,3,167577.5831170538
2652,5158.0,4.0,4,297145.37501127896
2653,4116.0,2.0,2,227159.1506332812
2654,4378.0,2.0,4,218216.76520615476
2655,5387.0,3.0,2,311955.49733143876
2656,4209.0,3.0,4,228917.60658574544
2657,4496.0,4.0,3,274293.8501386207
2658,4422.0,3.0,3,251089.39223652188
2659,4355.0,3.0,4,236430.06754165565
2660,4820.0,4.0,4,279753.5133462265
2661,4762.0,3.0,2,279795.9898146997
2662,4588.0,3.0,2,270842.7829220395
2663,4375.0,4.0,3,268067.76948338
2664,3933.0,3.0,2,237139.61904449694
2665,4637.0,3.0,1,284575.9138004236
2666,4210.0,3.0,2,251392.71277591572
2667,2598.0,3.0,3,157235.08549967047
2668,2702.0,3.0,3,162586.42755045588
2669,3179.0,2.0,3,167733.7914751142
2670,4223.0,3.0,4,229637.97955412036
2671,2802.0,3.0,3,167731.94875313411
2672,3137.0,3.0,2,196181.27027117801
2673,3437.0,3.0,2,211617.8338792128
2674,3464.0,3.0,2,213007.12460393592
2675,2814.0,2.0,2,160164.46457441035
2676,3027.0,3.0,3,179309.3714591602
2677,3302.0,3.0,3,193459.5547665254
2678,4419.0,4.0,4,259119.97332348672
2679,4146.0,4.0,3,256284.5259292468
2680,4212.0,4.0,3,259680.56992301444
2681,5471.0,4.0,4,313250.8563756619
2682,5437.0,3.0,4,292104.60695463436
2683,7358.0,5.0,4,429743.6136823175
2684,4882.0,4.0,4,282943.73649188696
2685,5357.0,4.0,3,318596.7876936805
2686,4094.0,3.0,3,234212.08269173716
2687,4708.0,4.0,2,296414.1805773704
2688,3662.0,2.0,3,192586.65888405018
2689,3200.0,2.0,2,180026.1764167484
2690,5733.0,5.0,3,357340.7196278676
2691,3242.0,3.0,3,190372.24204491844
2692,2338.0,2.0,3,124459.95816059009
2693,3611.0,2.0,3,189962.44307068427
2694,2301.0,2.0,3,122556.11531559913
2695,3284.0,3.0,3,192533.3609500433
2696,2995.0,3.0,3,177662.80467430316
2697,3781.0,3.0,3,218106.60132735423
2698,3645.0,4.0,3,230505.46470382874
2699,3384.0,3.0,2,208890.70764179333
2700,2982.0,2.0,2,168808.9401949098
2701,2468.0,3.0,3,150545.90793618874
2702,2600.0,2.0,3,137941.22371160713
2703,2182.0,2.0,4,105221.11959534028
2704,2812.0,1.0,2,140664.78193823984
2705,2278.0,1.0,3,101975.87322686621
2706,2240.0,1.0,3,100020.57516984848
2707,2611.0,2.0,2,149719.05653297348
2708,2356.0,2.0,3,125386.15197707218
2709,1824.0,1.0,3,78615.20696670693
2710,2205.0,1.0,3,98219.64274891108
2711,6485.0,5.0,3,396035.0390720081
2712,5619.0,4.0,3,332078.0532446975
2713,3065.0,2.0,1,184291.54828220455
2714,2469.0,3.0,2,161809.1886372873
2715,2752.0,3.0,2,176371.01364086676
2716,2156.0,3.0,2,145703.70727290434
2717,3189.0,3.0,3,187645.11580749898
2718,3966.0,2.0,3,208229.0433401921
2719,3140.0,3.0,2,196335.63590725837
2720,3464.0,3.0,3,201795.29911486417
2721,2606.0,2.0,3,138249.95498376782
2722,3530.0,3.0,4,193979.51761956007
2723,2550.0,2.0,2,146580.28859933975
2724,2200.0,2.0,3,117359.13890089409
2725,2636.0,2.0,3,139793.61134457128
2726,2928.0,2.0,3,154818.5332563918
2727,3487.0,3.0,3,202978.76899148017
2728,3140.0,3.0,3,185123.81041818662
2729,2912.0,2.0,4,142783.42437489153
2730,2782.0,2.0,3,147306.07230048155
2731,2140.0,2.0,2,125483.65166835893
2732,2427.0,1.0,2,120854.52530792858
2733,3474.0,2.0,3,182913.07902301507
2734,3672.0,2.0,2,204313.03649338975
2735,2552.0,2.0,3,135471.37353432155
2736,2971.0,2.0,3,157031.10737354346
2737,2272.0,1.0,2,112878.96744377729
2738,3674.0,2.0,4,181992.29593929983
2739,3002.0,2.0,3,158626.2189463737
2740,2446.0,1.0,2,121832.17433643744
2741,2934.0,2.0,3,155127.2645285525
2742,3025.0,2.0,3,159809.6888229897
2743,3039.0,2.0,3,160530.06179136466
2744,3134.0,2.0,3,165418.306933909
2745,2386.0,2.0,3,126929.80833787567
2746,2450.0,2.0,2,141434.76739666148
2747,2191.0,2.0,2,128107.86748172484
2748,2130.0,1.0,3,94360.50184690239
2749,2617.0,1.0,2,130631.01559301725
2750,2412.0,3.0,3,147664.41606268892
2751,2233.0,2.0,2,130268.98638684969
2752,3849.0,3.0,3,221605.55574517546
2753,3693.0,2.0,2,205393.5959459522
2754,6646.0,5.0,5,381895.67723017663
2755,2773.0,2.0,3,146842.9753922405
2756,2033.0,1.0,2,100581.17176937625
2757,2277.0,1.0,2,113136.2435039112
2758,1518.0,1.0,1,85293.56306465498
2759,3066.0,2.0,3,161919.3525160878
2760,3701.0,2.0,4,183381.58666402297
2761,2943.0,2.0,3,155590.36143679352
2762,2846.0,2.0,3,150599.20587019564
2763,4101.0,3.0,3,234572.26917592465
2764,2251.0,2.0,2,131195.18020333175
2765,4949.0,4.0,3,297603.0611867532
2766,3395.0,2.0,3,178848.11727289925
2767,1440.0,2.0,2,89465.00324961114
2768,3112.0,2.0,4,153074.46678024804
2769,2750.0,1.0,3,126262.73330350759
2770,2618.0,2.0,3,138867.4175280892
2771,2064.0,2.0,3,110361.23006525167
2772,2226.0,2.0,3,118696.97441359045
2773,3593.0,2.0,5,166612.59827605868
2774,3260.0,2.0,3,171901.6636492836
2775,2966.0,1.0,4,126165.23361222085
2776,2620.0,2.0,3,138970.32795214278
2777,3064.0,2.0,4,150604.6166029625
2778,2054.0,1.0,2,101661.73122193868
2779,3499.0,2.0,4,172987.63383461288
2780,2456.0,1.0,2,122346.72645670526
2781,2158.0,1.0,2,107013.07327272407
2782,2083.0,1.0,2,103153.93237071538
2783,2659.0,1.0,2,132792.1344981421
2784,2496.0,2.0,3,132589.88166082173
2785,3152.0,2.0,5,143920.84977224754
2786,1262.0,2.0,1,91517.80099791559
2787,2330.0,2.0,3,124048.31646437582
2788,2000.0,1.0,2,98883.14977249243
2789,4191.0,2.0,5,197382.81506807462
2790,2258.0,2.0,2,131555.36668751924
2791,2544.0,1.0,3,115662.95962599036
2792,2145.0,1.0,2,106344.1555163759
2793,3020.0,1.0,2,151367.46603981062
2794,2172.0,2.0,3,115918.39296414418
2795,2300.0,1.0,3,103107.88789145544
2796,2122.0,1.0,2,105160.6856397599
2797,4657.0,2.0,5,221360.94387255533
2798,2824.0,2.0,3,149467.19120560642
2799,2233.0,1.0,3,99660.38868566099
2800,1429.0,1.0,2,69502.22370519959
2801,2440.0,1.0,3,110311.61757520499
2802,2516.0,2.0,3,133618.9859013574
2803,4598.0,2.0,4,229536.91185204688
2804,2259.0,1.0,3,100998.22419835735
2805,1413.0,1.0,2,68678.94031277107
2806,1997.0,1.0,2,98728.78413641208
2807,2512.0,3.0,2,164021.76275443894
2808,3018.0,2.0,3,159449.50233880224
2809,2259.0,2.0,2,131606.82189954602
2810,2492.0,2.0,3,132384.0608127146
2811,3430.0,3.0,3,200045.82190595358
2812,2927.0,2.0,3,154767.07804436501
2813,4684.0,2.0,6,211538.4091082067
2814,4516.0,2.0,6,202893.93348770723
2815,2182.0,1.0,2,108247.99836136684
2816,4499.0,2.0,2,246866.49683953894
2817,2961.0,2.0,1,178940.20623141914
2818,2168.0,2.0,2,126924.39760510884
2819,3004.0,4.0,2,208734.49928373288
2820,3058.0,2.0,3,161507.71081987352
2821,2428.0,1.0,3,109694.15503088359
2822,3698.0,2.0,4,183227.2210279426
2823,7140.0,4.0,5,387917.7797592902
2824,4714.0,3.0,3,266114.31414834235
2825,2630.0,1.0,3,120088.10786029368
2826,2402.0,2.0,3,127753.09173030418
2827,2914.0,2.0,5,131674.50930987333
2828,4346.0,3.0,4,235966.9706334146
2829,3992.0,4.0,2,259572.24876619407
2830,4072.0,3.0,3,233080.06802714797
2831,3211.0,2.0,2,180592.183749043
2832,4209.0,3.0,3,240129.4320748172
2833,4170.0,4.0,2,268731.2765069614
2834,3590.0,3.0,3,208278.65583023877
2835,3949.0,2.0,3,207354.30473573678
2836,3179.0,3.0,3,187130.56368723116
2837,3356.0,3.0,3,196238.13621597167
2838,2662.0,2.0,3,141131.44685726764
2839,3257.0,3.0,3,191144.07022532017
2840,3571.0,3.0,3,207301.0068017299
2841,3331.0,3.0,3,194951.75591530208
2842,3631.0,4.0,3,229785.0917354538
2843,2822.0,2.0,3,149364.28078155284
2844,3335.0,3.0,3,195157.57676340922
2845,2025.0,1.0,3,88957.70458409023
2846,3553.0,3.0,3,206374.81298524782
2847,3374.0,4.0,3,216561.10224457068
2848,3358.0,3.0,1,218764.69761816875
2849,3418.0,3.0,4,188216.53387256042
2850,4227.0,4.0,3,260452.3981034162
2851,3749.0,3.0,4,205248.20905342544
2852,3760.0,4.0,3,236422.81408690877
2853,3980.0,4.0,4,236531.13524372914
2854,2256.0,2.0,1,142664.28175253747
2855,3393.0,3.0,3,198141.97906096262
2856,3271.0,3.0,3,191864.44319369513
2857,3147.0,3.0,3,185483.9969023741
2858,3353.0,3.0,3,196083.7705798913
2859,2787.0,3.0,3,166960.12057273238
2860,1988.0,4.0,4,134032.35288637833
2861,2916.0,2.0,2,165412.89620114217
2862,3361.0,3.0,3,196495.41227610558
2863,1860.0,2.0,2,111076.1923008598
2864,4240.0,3.0,3,241724.54364764743
2865,2188.0,2.0,2,127953.50184564448
2866,3099.0,2.0,3,163617.3745129716
2867,1825.0,1.0,3,78666.66217873372
2868,2906.0,2.0,3,153686.5185918026
2869,3106.0,2.0,4,152765.73550808735
2870,3075.0,3.0,3,181779.22163644576
2871,2390.0,1.0,3,107738.85697386586
2872,1312.0,1.0,1,74693.78938713779
2873,2376.0,1.0,3,107018.4840054909
2874,2849.0,3.0,3,170150.3437183929
2875,2560.0,2.0,3,135883.01523053582
2876,3001.0,2.0,3,158574.76373434693
2877,2645.0,1.0,3,120859.93604069541
2878,2954.0,2.0,4,144944.5432800164
2879,2823.0,2.0,3,149415.73599357964
2880,2352.0,1.0,4,94571.73342777637
2881,3114.0,2.0,3,164389.20269337334
2882,3141.0,2.0,2,176990.31890716823
2883,3144.0,2.0,4,154721.03356510508
2884,2929.0,2.0,3,154869.98846841857
2885,2953.0,2.0,3,156104.91355706137
2886,4017.0,3.0,4,219038.20587660317
2887,2327.0,2.0,2,135105.77631736724
2888,2880.0,2.0,3,152348.68307910624
2889,1216.0,1.0,2,58542.263543494904
2890,1808.0,1.0,2,89003.74906335017
2891,3010.0,2.0,4,147826.03515351622
2892,752.0,1.0,2,34667.0451630678
2893,2056.0,2.0,4,98737.76287996565
2894,1152.0,1.0,2,55249.12997378083
2895,4175.0,4.0,2,268988.55256709526
2896,4101.0,4.0,2,265180.86687711335
2897,3990.0,3.0,3,228860.7406409518
2898,3944.0,2.0,4,195885.20318653111
2899,3692.0,2.0,3,194130.31524485367
2900,2866.0,3.0,3,171025.0823228482
2901,3938.0,2.0,2,218000.12289251393
2902,3427.0,3.0,2,211103.28175894497
2903,4612.0,3.0,3,260865.88252161053
2904,4744.0,3.0,3,267657.9705091458
2905,2005.0,2.0,3,107325.37255567149
2906,3488.0,4.0,2,233638.82190469565
2907,2045.0,2.0,3,109383.5810367428
2908,2146.0,2.0,3,114580.55745144785
2909,4232.0,2.0,4,210704.3042502445
2910,1260.0,2.0,1,91414.89057386202
2911,1891.0,2.0,3,101459.4783846183
2912,2960.0,2.0,3,156465.10004124884
2913,1924.0,2.0,3,103157.50038150212
2914,1672.0,2.0,3,90190.78695075292
2915,1638.0,2.0,3,88441.30974184231
2916,1948.0,2.0,3,104392.4254701449
2917,3498.0,2.0,4,172936.1786225861
2918,1994.0,2.0,3,106759.3652233769
2919,3884.0,3.0,3,223406.48816611283
